hf_rank,bgg_rank,name,id,hyperfixation
1,169,Magic: The Gathering,463,16.23134328358209
2,808,Star Wars: Unlimited,387866,8.0
3,75,Android: Netrunner,124742,6.277922077922078
4,42,Marvel Champions: The Card Game,285774,5.816112084063048
5,446,Chess,171,5.720721607950222
6,771,Ascension: Deckbuilding Game,69789,5.47972972972973
7,77,The Crew: The Quest for Planet Nine,284083,5.341538920115823
8,789,Onirim (Second Edition),156336,5.263518292290876
9,175,The Lord of the Rings: The Card Game,77423,5.004587155963303
10,164,Star Realms,147020,4.943573667711599
11,256,KLASK,165722,4.856732348111658
12,37,The Crew: Mission Deep Sea,324856,4.81126907073509
13,224,Go,188,4.64
14,81,Race for the Galaxy,28143,4.5872676979267375
15,708,Star Wars: Destiny,205359,4.586594202898551
16,251,My City,295486,4.562737509176491
17,423,The Lord of the Rings: The Card Game – Revised Core Set,349067,4.309782608695652
18,526,Zombie Kidz Evolution,256952,4.275267344809598
19,129,Blood on the Clocktower,240980,4.211608874717683
20,634,One Night Ultimate Werewolf,147949,4.090513145391194
21,715,A Game of Thrones: The Card Game (Second Edition),169255,4.08542413381123
22,866,Warhammer: Invasion,47185,4.071428571428571
23,960,Werewords,219215,4.0314056224899595
24,734,Cribbage,2398,4.005763688760807
25,769,KeyForge: Call of the Archons,257501,4.0
26,46,Crokinole,521,3.880007664793051
27,138,Dominion,36218,3.856569709127382
28,322,Turing Machine,356123,3.8394509047674283
29,704,Trio,352515,3.676767676767677
30,961,Mahjong,2093,3.5833333333333335
31,604,Aeon Trespass: Odyssey,242705,3.5762711864406778
32,588,Blood Bowl: Living Rulebook,15985,3.55050505050505
33,541,Legacy of Yu,354934,3.4313725490196076
34,654,Pathfinder Adventure Card Game: Rise of the Runelords – Base Set,133038,3.4143419170243203
35,675,Coup,131357,3.3722547822547826
36,384,Dorfromantik: The Board Game,370591,3.331558272704639
37,4,Gloomhaven,174430,3.327427450226757
38,78,Kingdom Death: Monster,55690,3.3173076923076925
39,616,Regicide,307002,3.3146067415730336
40,742,One Night Ultimate Werewolf: Daybreak,163166,3.3141447368421053
41,279,Santorini,194655,3.3101274433186356
42,308,Hive,2655,3.2905872622001655
43,183,Dominion (Second Edition),209418,3.2838709677419353
44,386,Neuroshima Hex! 3.0,21241,3.2524271844660193
45,40,Sky Team,373106,3.241136965490906
46,949,Star Wars: The Card Game,103886,3.2344322344322345
47,997,Palm Island,239464,3.2163461538461537
48,513,Middara: Unintentional Malum – Act 1,169427,3.209745762711864
49,689,Unmatched Game System,295564,3.191780521020955
50,393,Mindbug: First Contact,345584,3.159090909090909
51,589,Etherfields,280794,3.155242566510172
52,259,Codenames: Duet,224037,3.13314447592068
53,240,Star Realms: Colony Wars,182631,3.1147540983606556
54,28,Arkham Horror: The Card Game,205637,3.110455683801763
55,313,Aeon's End: The New Age,270633,3.0975141242937854
56,215,The Resistance: Avalon,128882,3.0945273631840795
57,551,Friday,43570,3.091708126036484
58,611,Next Station: London,353545,3.077378442032125
59,307,Star Realms: Frontiers,230253,3.0676291793313073
60,260,Fantasy Realms,223040,3.063372717508056
61,151,Codenames,178900,3.0615212527964206
62,324,Sea Salt & Paper,367220,3.0613793103448277
63,262,Legendary: A Marvel Deck Building Game,129437,3.0474617773530817
64,484,Sprawlopolis,251658,3.0331267777326287
65,334,Lost Cities,50,3.0329263780984093
66,268,MicroMacro: Crime City,318977,3.028142589118199
67,130,The Lord of the Rings: Journeys in Middle-Earth,269385,3.001068376068376
68,2,Pandemic Legacy: Season 1,161936,3.0
69,225,Arkham Horror: The Card Game (Revised Edition),359609,3.0
70,563,Blood Bowl (Third Edition),712,3.0
71,572,Railroad Ink: Deep Blue Edition,245654,3.0
72,61,Pandemic Legacy: Season 2,221107,2.982905982905983
73,236,Aeon's End: Legacy,241451,2.9820382362010482
74,586,Star Wars: X-Wing (Second Edition),252328,2.918961447678993
75,360,Faraway,385761,2.8926585094549497
76,999,Spyfall,166384,2.8896093934387537
77,281,Hero Realms,198994,2.881337499159111
78,410,The Resistance,41114,2.877245508982036
79,680,Shards of Infinity,244115,2.8536585365853657
80,768,Can't Stop,41,2.853261566064334
81,339,Space Alert,38453,2.851751592356688
82,515,MicroMacro: Crime City – Full House,338834,2.8472493778883754
83,191,That's Pretty Clever!,244522,2.8444550992779787
84,108,Tainted Grail: The Fall of Avalon,264220,2.831578947368421
85,26,Frosthaven,295770,2.8119325551232164
86,204,Memoir '44,10630,2.8034409701928693
87,809,Maquis,148729,2.795698924731183
88,110,Final Girl,277659,2.7555012224938875
89,466,Codenames: Pictures,198773,2.752727272727273
90,173,ISS Vanguard,325494,2.75
91,255,Secret Hitler,188834,2.7338129496402876
92,879,Tumblin' Dice,16747,2.730384615384615
93,11,Gloomhaven: Jaws of the Lion,291457,2.7186414025576866
94,346,The King's Dilemma,245655,2.7165677772706527
95,265,Deception: Murder in Hong Kong,156129,2.697228144989339
96,730,Magic Maze,209778,2.6957643622200584
97,682,HeroQuest,699,2.6956521739130435
98,184,War Chest,249259,2.6915379721210018
99,356,Summoner Wars (Second Edition),332800,2.675301942937161
100,937,Spicy,299169,2.6704538331348338
101,509,Advanced Squad Leader,243,2.6666666666666665
102,686,Bullet♥︎,307305,2.661594117991681
103,201,Welcome to the Moon,339789,2.6563421828908553
104,237,Tichu,215,2.649484536082474
105,10,Spirit Island,162886,2.641880406708987
106,123,Ticket to Ride Legacy: Legends of the West,390092,2.6280884265279583
107,900,FUSE,171273,2.616150234741784
108,784,7 Wonders: Architects,346703,2.614889705882353
109,244,Forest Shuffle,391163,2.6125
110,647,Warp's Edge,296237,2.6009174311926606
111,302,Battle Line,760,2.591549295774648
112,508,Heroscape Master Set: Rise of the Valkyrie,11170,2.591549295774648
113,805,Daybreak,334986,2.589158345221113
114,418,Schotten Totten,372,2.5814814814814815
115,552,Hanabi,98778,2.572857386207592
116,950,Qwixx,131260,2.568994889267462
117,168,It's a Wonderful World,271324,2.5685936900894903
118,867,Undaunted: Stalingrad,354570,2.567732662594323
119,111,Slay the Spire: The Board Game,338960,2.563295628834356
120,945,One Deck Dungeon,179275,2.5570629487393557
121,546,For Northwood! A Solo Trick-Taking Game,334590,2.5555555555555554
122,342,Cloudspire,262211,2.5542857142857143
123,639,Sentinels of the Multiverse,102652,2.5484287054409007
124,119,Dominion: Intrigue,40834,2.541571194762684
125,964,Challengers!,359970,2.5396825396825395
126,266,"Unmatched: Battle of Legends, Volume One",274637,2.5395785710099057
127,51,Pandemic Legacy: Season 0,314040,2.5330578512396693
128,87,Aeon's End,191189,2.5303867403314917
129,762,Escape: The Curse of the Temple,113294,2.511400651465798
130,598,TZAAR,31999,2.507575757575758
131,400,Harry Potter: Hogwarts Battle,199042,2.5057251908396947
132,914,Up Front,586,2.5
133,14,Through the Ages: A New Story of Civilization,182028,2.492260198307003
134,712,A Fake Artist Goes to New York,135779,2.488095238095238
135,221,7 Wonders (Second Edition),316377,2.486842105263158
136,230,Carcassonne,822,2.477648137608297
137,305,Marvel United,298047,2.473601569650616
138,569,CATAN,13,2.4615384615384617
139,714,HITSTER,318243,2.4615331313971214
140,243,Under Falling Skies,306735,2.4571428571428573
141,188,Star Wars: X-Wing Miniatures Game,103885,2.4517625231910944
142,835,The 7th Citadel,286063,2.446985446985447
143,565,Charterstone,197376,2.437874251497006
144,331,Onitama,160477,2.4307116104868913
145,143,Aeon's End: War Eternal,218417,2.430379746835443
146,523,No Thanks!,12942,2.421359223300971
147,951,Coffee Roaster,196526,2.4178433889602053
148,226,Commands & Colors: Ancients,14105,2.4166666666666665
149,927,Fugitive,197443,2.4120905206520016
150,433,Twice as Clever!,269210,2.401632189927555
151,3,Ark Nova,342942,2.394793536804309
152,967,Jekyll vs. Hyde,297129,2.3923961324204273
153,896,Red7,161417,2.383105818338027
154,59,Oathsworn: Into the Deepwood,251661,2.379029520142425
155,671,BattleCON: Devastation of Indines,123123,2.375
156,645,Draftosaurus,264055,2.364116197532498
157,758,Summoner Wars,58281,2.3564356435643563
158,127,Harmonies,414317,2.353374524714829
159,921,The Duke,36235,2.3448275862068964
160,304,So Clover!,329839,2.344314558979809
161,838,Roll Player Adventures,254708,2.34375
162,968,Earthborne Rangers,342900,2.3433215391419724
163,820,Caesar!: Seize Rome in 20 Minutes!,338957,2.3285024154589373
164,379,Innovation,63888,2.324324324324324
165,571,Shadows of Brimstone: City of the Ancients,146791,2.3190909090909093
166,959,Rhino Hero,91514,2.318688752376773
167,812,BANG! The Dice Game,143741,2.3179613489958317
168,232,Splendor,148228,2.3121645796064403
169,399,Marvel United: X-Men,336382,2.2992487797437464
170,721,Blood Bowl (2016 Edition),212445,2.292682926829268
171,362,Summoner Wars: Master Set,93260,2.2916666666666665
172,219,Paleo,300531,2.289435600578871
173,497,PitchCar,150,2.2857142857142856
174,1000,The Mind,244992,2.2718631178707223
175,479,Sword & Sorcery,170771,2.268292682926829
176,444,Keep the Heroes Out!,333255,2.2680049602215995
177,538,"Unmatched: Battle of Legends, Volume Two",335764,2.2674418604651163
178,74,Star Wars: Imperial Assault,164153,2.2603308921185445
179,298,Kingdomino,204583,2.25625
180,662,Knarr,379629,2.247471245245351
181,161,Hadrian's Wall,304783,2.2460489380859068
182,502,Lord of the Rings: The Confrontation,18833,2.240532959326788
183,748,Trails of Tucana,283864,2.239193083573487
184,162,Cartographers,263918,2.232350312779267
185,649,Baseball Highlights: 2045,151022,2.2319649262654444
186,943,ZÈRTZ,528,2.2222222222222223
187,783,Ashes Reborn: Rise of the Phoenixborn,167400,2.22020202020202
188,80,Azul,230802,2.2148399612027156
189,886,Clever Cubed,316546,2.2118226600985222
190,846,Perudo,45,2.2100840336134455
191,264,Hanamikoji,158600,2.207765467202667
192,685,Coloretto,5782,2.203725068808204
193,351,Love Letter,129622,2.1937704022150974
194,33,Too Many Bones,192135,2.191588785046729
195,32,Wingspan,266192,2.191386797402303
196,195,Welcome To...,233867,2.1904761904761907
197,156,Pandemic,30549,2.189655172413793
198,641,DVONN,2346,2.1835016835016834
199,499,Mandala,264241,2.1793478260869565
200,205,Descent: Journeys in the Dark (Second Edition),104162,2.1710792336574563
201,510,Zombicide: 2nd Edition,286751,2.169333785829896
202,491,Commands & Colors: Napoleonics,62222,2.1666666666666665
203,582,Port Royal,156009,2.1609383216888287
204,58,Sleeping Gods,255984,2.1607142857142856
205,455,Descent: Legends of the Dark,322708,2.1545189504373177
206,97,7 Wonders,68448,2.1542028985507247
207,246,Ticket to Ride,9209,2.154046997389034
208,314,Cryptid,246784,2.1494252873563218
209,448,Akropolis,357563,2.144985104270109
210,76,Mechs vs. Minions,209010,2.14375
211,321,Arcadia Quest,155068,2.14058277027027
212,738,Mr. Jack,21763,2.135632183908046
213,20,7 Wonders Duel,173346,2.133525765678172
214,749,The Adventures of Robin Hood,326494,2.128767123287671
215,834,Warhammer Quest: The Adventure Card Game,181521,2.128205128205128
216,171,Undaunted: Normandy,268864,2.1257942057942056
217,599,Nova Luna,284435,2.125420894507114
218,93,Through the Ages: A Story of Civilization,25613,2.1231884057971016
219,317,Dice Throne: Season Two – Battle Chest,244271,2.116859243697479
220,443,King of Tokyo,70323,2.114315139031926
221,185,Legendary Encounters: An Alien Deck Building Game,146652,2.11231884057971
222,337,Imperium: Classics,318184,2.105747126436782
223,669,Take 5,432,2.0994833560029775
224,746,Bloodborne: The Board Game,273330,2.097297297297297
225,613,Sushi Go!,133473,2.0945945945945947
226,568,Risk Legacy,105134,2.0931712962962963
227,449,Skull,92415,2.088560885608856
228,23,Clank! Legacy: Acquisitions Incorporated,266507,2.084507042253521
229,922,Lovecraft Letter,198740,2.083992946708464
230,402,Pax Renaissance: 2nd Edition,308119,2.0834936778449697
231,807,Shadows of Brimstone: Swamps of Death,150997,2.081081081081081
232,892,Smart10,241590,2.081081081081081
233,140,The 7th Continent,180263,2.073596252010349
234,751,Star Wars: X-Wing Miniatures Game – The Force Awakens Core Set,183562,2.0714285714285716
235,7,Terraforming Mars,167791,2.06980804633341
236,531,Undaunted: North Africa,290359,2.0579710144927534
237,134,Patchwork,163412,2.0489130434782608
238,727,Kingdom Builder,107529,2.047169811320755
239,192,Radlands,329082,2.0469638656137814
240,731,Lord of the Rings: The Confrontation,3201,2.044127190136275
241,194,Jaipur,54043,2.0435855263157894
242,335,Love Letter,277085,2.0396341463414633
243,953,The Lost Expedition,216459,2.038393185439392
244,247,YINSH,7854,2.0317540322580645
245,657,Dice Throne: Season One,216734,2.030882819942839
246,755,Railroad Ink Challenge: Lush Green Edition,306881,2.019310117181053
247,550,BattleLore,25417,2.010869565217391
248,535,Point Salad,274960,2.0079545454545453
249,41,Heat: Pedal to the Metal,366013,2.0
250,856,Azul: Master Chocolatier,363247,2.0
251,883,Space Hulk,2163,2.0
252,880,Railroad Ink: Blazing Red Edition,251678,1.9939759036144578
253,603,The Grizzled,171668,1.9919614147909968
254,310,T.I.M.E Stories,146508,1.9902912621359223
255,970,Zombicide: Invader,248065,1.9895833333333335
256,859,Blokus,2453,1.9868024132730016
257,514,Dawn of the Zeds (Third Edition),175095,1.9859154929577465
258,591,Ingenious,9674,1.9834254143646408
259,329,Telestrations,46213,1.9806558309386975
260,419,Star Wars: Armada,163745,1.9777777777777779
261,494,Mice and Mystics,124708,1.9771137952956135
262,163,Res Arcana,262712,1.9758254573726282
263,623,Legends of Andor,127398,1.9747899159663866
264,252,Combat Commander: Europe,21050,1.971830985915493
265,409,San Juan,8217,1.9677176885294765
266,554,Betrayal Legacy,240196,1.9596252981457258
267,545,Massive Darkness 2: Hellscape,315610,1.9574193548387098
268,338,For Sale,172,1.9571061855520164
269,214,Space Base,242302,1.9568345323741008
270,442,Blitzkrieg!: World War Two in 20 Minutes,258210,1.9555555555555555
271,474,Mythic Battles: Pantheon,186751,1.9541871921182266
272,800,Tash-Kalar: Arena of Legends,146278,1.9541744402985075
273,309,Skull King,150145,1.9523997129630932
274,862,Wizard,1465,1.9523809523809523
275,981,Roll Through the Ages: The Bronze Age,37380,1.951219512195122
276,229,Star Wars: The Deckbuilding Game,374173,1.9499240992211382
277,975,Black Sonata,231218,1.9439924906132666
278,944,Ohanami,270314,1.9437017472572125
279,407,Ghost Stories,37046,1.942112314390979
280,55,Agricola,31260,1.938724214382109
281,836,Tiny Epic Dungeons,331787,1.9371980676328502
282,929,Last Bastion,285984,1.934782608695652
283,873,Incan Gold,15512,1.9346534653465346
284,913,Startups,223770,1.9343065693430657
285,698,Zombicide,113924,1.932802188958635
286,172,Too Many Bones: Undertow,235802,1.9280538302277432
287,154,Roll for the Galaxy,132531,1.9252173913043478
288,574,Raptor,177639,1.9243853630646084
289,555,Pandemic: The Cure,150658,1.9224759615384617
290,716,Telestrations: 12 Player Party Pack,153016,1.9183673469387754
291,297,Mind MGMT: The Psychic Espionage “Game.”,284653,1.915180845644422
292,269,Zombicide: Black Plague,176189,1.9148936170212767
293,464,King of Tokyo: Dark Edition,293141,1.9019825334868439
294,602,Love Letter: Premium Edition,196326,1.9010338217171026
295,49,Cascadia,295947,1.8993155846947436
296,30,Root,237182,1.8991535496620067
297,79,Agricola (Revised Edition),200680,1.8946078431372548
298,482,Imperium: Legends,318182,1.8863636363636365
299,98,Robinson Crusoe: Adventures on the Cursed Island,121921,1.8842729970326408
300,267,Sushi Go Party!,192291,1.8788024643819794
301,537,Mystic Vale,194607,1.8765443819940248
302,938,Arcadia Quest: Inferno,179803,1.8717105263157894
303,801,Top Ten,300905,1.8655775819872735
304,473,Biblios,34219,1.8654708520179373
305,595,Splendor: Marvel,293296,1.8643617021276595
306,553,Potion Explosion,180974,1.8635809987819731
307,13,Twilight Struggle,12333,1.8552684294871795
308,29,Lost Ruins of Arnak,312484,1.8534775888717157
309,440,Cartographers Heroes,315767,1.85339261141103
310,794,The Shipwreck Arcana,220517,1.8530760928224501
311,536,Stuffed Fables,233312,1.8524590163934427
312,210,Sagrada,199561,1.852014652014652
313,725,Living Forest,328479,1.851063829787234
314,796,Space Hulk: Death Angel – The Card Game,71721,1.8489208633093526
315,100,SCOUT,291453,1.8478900883218843
316,318,Seasons,108745,1.846376811594203
317,153,Just One,254640,1.8460329929300865
318,12,Gaia Project,220308,1.8446350201522614
319,661,Azul: Queen's Garden,346965,1.842690207808947
320,681,Silver & Gold,270673,1.8387909319899245
321,170,Ticket to Ride: Europe,14996,1.8372115276370595
322,101,The Search for Planet X,279537,1.8371242999149635
323,958,Codex Naturalis,314503,1.8356643356643356
324,481,Space Hulk (Third Edition),54625,1.8297101449275361
325,35,Mage Knight Board Game,96848,1.8292454688731286
326,227,Captain Sonar,171131,1.825606067996683
327,105,Decrypto,225694,1.824793388429752
328,112,Splendor Duel,364073,1.824502910378269
329,785,Oh My Goods!,183840,1.8157894736842106
330,436,Mage Wars Arena,101721,1.8153409090909092
331,15,The Castles of Burgundy,84876,1.8092105263157894
332,626,Karuba,183251,1.8078334972140282
333,57,Cthulhu: Death May Die,253344,1.8077922077922077
334,439,Saint Petersburg,9217,1.8055748031496064
335,814,Menara,244608,1.8028169014084507
336,451,Dice Forge,194594,1.8022727272727272
337,618,Unmatched Adventures: Tales to Amaze,381297,1.8005464480874316
338,190,Unmatched: Cobble & Fog,294484,1.8003322259136212
339,48,Puerto Rico,3076,1.7996655518394649
340,348,Imperial Settlers,154203,1.7958754208754208
341,793,Carcassonne: The Castle,7717,1.7958754208754208
342,813,Wits & Wagers,20100,1.7957694026515716
343,644,Carcassonne: Hunters and Gatherers,4390,1.794871794871795
344,724,Taluva,24508,1.7910010111223458
345,791,Love Letter: Batman,168584,1.790909090909091
346,44,Pax Pamir: Second Edition,256960,1.7875766260648038
347,697,Zombicide: Green Horde,224710,1.7857142857142858
348,848,Rhino Hero: Super Battle,218333,1.7857142857142858
349,926,Dungeons & Dragons: The Legend of Drizzt Board Game,91872,1.7817460317460316
350,132,Voidfall,337627,1.7696476964769647
351,368,Nusfjord,234277,1.7688022284122562
352,627,Horizons of Spirit Island,367498,1.7666666666666666
353,733,Elder Sign,100423,1.7633587786259541
354,490,Flash Point: Fire Rescue,100901,1.763034759358289
355,811,Earth Reborn,73171,1.7625
356,527,High Society,220,1.7579908675799087
357,504,Caper: Europe,328565,1.7555555555555555
358,447,Downforce,215311,1.7554179566563468
359,261,Camel Up (Second Edition),260605,1.7544642857142858
360,250,Calico,283155,1.7533385703063629
361,701,Gears of War: The Board Game,42776,1.7518248175182483
362,270,Flamme Rouge,199478,1.7511968760865495
363,564,Descent: Journeys in the Dark,17226,1.75
364,916,Squad Leader,1035,1.75
365,985,Thunderstone,53953,1.75
366,628,Galaxy Trucker (Second Edition),336794,1.748792270531401
367,516,The Vale of Eternity,385529,1.7460611677479148
368,31,Terra Mystica,120677,1.7423887587822013
369,596,Fleet: The Dice Game,245961,1.7413793103448276
370,395,Gizmos,246192,1.7381764705882352
371,401,BattleLore: Second Edition,146439,1.7380952380952381
372,62,Obsession,231733,1.736923076923077
373,737,Pax Renaissance,198953,1.734375
374,415,Frostpunk: The Board Game,311988,1.73109243697479
375,422,The Guild of Merchant Explorers,350933,1.728036832412523
376,373,Project L,260180,1.7274701050315806
377,855,Deep Sea Adventure,169654,1.7233260032985158
378,284,Tapestry,286096,1.722672064777328
379,804,Wir sind das Volk!,165401,1.72
380,996,Istanbul: The Dice Game,235488,1.7197452229299364
381,18,Scythe,169786,1.7191836734693877
382,709,Three Sisters,291845,1.7155953420339483
383,524,Imperial Settlers: Empires of the North,270844,1.7110266159695817
384,67,Maracaibo,276025,1.7061600247759674
385,411,"Air, Land, & Sea",247367,1.7056451612903225
386,377,Burgle Bros.,172081,1.704724409448819
387,103,Wingspan Asia,366161,1.7045015941807418
388,176,Stone Age,34635,1.6988745980707396
389,928,Morels,122298,1.6950354609929077
390,775,D-Day at Omaha Beach,29603,1.6939799331103678
391,500,Claustrophobia,36932,1.693212669683258
392,276,Glory to Rome,19857,1.6923076923076923
393,220,Ticket to Ride: Nordic Countries,31627,1.6911111111111112
394,503,The LOOP,316412,1.6910518053375196
395,290,Detective: A Modern Crime Board Game,223321,1.690909090909091
396,197,Earth,350184,1.6904879250862495
397,441,Arkham Horror,15987,1.6895471667212578
398,249,Near and Far,195421,1.688110336081167
399,966,Evergreen,363307,1.6849315068493151
400,956,Forbidden Island,65244,1.6826923076923077
401,740,High Frontier 4 All,281655,1.6808510638297873
402,38,Everdell,199792,1.6789600967351874
403,923,Parade,56692,1.6762589928057554
404,72,Age of Innovation,383179,1.6730010063450247
405,648,Pax Porfiriana,128780,1.6721311475409837
406,747,Verdant,334065,1.6695829560702091
407,458,Tiny Towns,265736,1.6694039503112283
408,655,Detective: City of Angels,218074,1.6666666666666667
409,911,Dale of Merchants,176165,1.6666666666666667
410,403,Takenoko,70919,1.663026780559877
411,496,Thunderstone Quest,215341,1.6626506024096386
412,202,This War of Mine: The Board Game,188920,1.6607370659107017
413,24,A Feast for Odin,177736,1.6588503246684372
414,728,Cacao,171499,1.6585365853658536
415,910,Celestia,175117,1.657353071438062
416,365,Tiny Epic Galaxies,163967,1.6523297491039426
417,263,Century: Golem Edition,232832,1.6506276150627615
418,528,Bohnanza,11,1.6484086242299796
419,857,Thunderstone Advance: Towers of Ruin,116998,1.6455853174603174
420,539,Citadels,478,1.6449438361203068
421,703,Conan,160010,1.6428571428571428
422,413,Agricola: All Creatures Big and Small,119890,1.6422274299743331
423,375,Small World,40692,1.6408861042485574
424,919,Jambo,12002,1.6388210673177537
425,126,Eldritch Horror,146021,1.6387959866220736
426,982,Stella: Dixit Universe,329845,1.638157894736842
427,692,Whitehall Mystery,190082,1.6376811594202898
428,847,Advanced Squad Leader: Starter Kit #1,9823,1.6363636363636365
429,974,"13 Days: The Cuban Missile Crisis, 1962",177590,1.634672619047619
430,238,Nidavellir,293014,1.6332054443781219
431,274,Samurai,3,1.631578947368421
432,463,San Juan (Second Edition),166669,1.631578947368421
433,405,SETI: Search for Extraterrestrial Intelligence,418059,1.6271103258735766
434,358,Century: Spice Road,209685,1.6263157894736842
435,674,Paperback,141572,1.625
436,853,Eminent Domain,68425,1.6246892734862342
437,540,Feed the Kraken,271601,1.6243586122487408
438,511,Unsettled,290484,1.623481781376518
439,385,Arboretum,140934,1.6234413965087282
440,196,Planet Unknown,258779,1.6233766233766234
441,934,Wandering Towers,355483,1.6232394366197183
442,166,Watergate,274364,1.620999219359875
443,293,Chronicles of Crime,239188,1.61942006686422
444,435,At the Gates of Loyang,39683,1.6176470588235294
445,39,Viticulture Essential Edition,183394,1.6164136023283842
446,421,51st State: Master Set,192458,1.6154135338345865
447,864,Disney Villainous: The Worst Takes it All,256382,1.613053613053613
448,570,Thurn and Taxis,21790,1.6127891156462586
449,319,Dixit: Odyssey,92828,1.610836953995244
450,389,Bärenpark,219513,1.6094003241491086
451,558,Forbidden Desert,136063,1.609375
452,476,Wavelength,262543,1.6086483564593514
453,27,Great Western Trail: Second Edition,341169,1.6082289272740753
454,578,"Labyrinth: The War on Terror, 2001 – ?",62227,1.6037735849056605
455,397,Dixit,39856,1.6036036036036037
456,505,Reign of Cthulhu,192153,1.603077461094597
457,116,Tigris & Euphrates,42,1.6022291884360849
458,350,Nemo's War (Second Edition),187617,1.601980198019802
459,907,Not Alone,194879,1.6009443987385166
460,68,The Quacks of Quedlinburg,244521,1.599370739381227
461,275,Hallertau,300322,1.596774193548387
462,989,Red Rising,329465,1.5908033826638477
463,6,Dune: Imperium,316554,1.5876904457794212
464,869,Kanagawa,200147,1.5874125874125875
465,208,Cosmic Encounter,39463,1.586710986844752
466,828,Villagers,241724,1.58389842735536
467,174,Praga Caput Regni,308765,1.5831940707170844
468,160,The Isle of Cats,281259,1.5828001218769043
469,366,Destinies,285192,1.5820145582828182
470,404,Ginkgopolis,128271,1.5808823529411764
471,519,A Few Acres of Snow,79828,1.5806451612903225
472,609,Camel Up,153938,1.5802919708029197
473,600,Las Vegas,117959,1.5782287951891476
474,121,The Quest for El Dorado,217372,1.5758223374484874
475,585,Pagan: Fate of Roanoke,319910,1.5727667709419535
476,779,The Bloody Inn,180593,1.5724137931034483
477,781,Babylonia,266164,1.5714285714285714
478,915,Zombicide Season 2: Prison Outbreak,137988,1.5714285714285714
479,963,Combat Commander: Pacific,28181,1.5714285714285714
480,406,Mysterium,181304,1.5684132420091323
481,84,Clank!: A Deck-Building Adventure,201808,1.5683371298405466
482,673,Project: ELITE,256999,1.567032967032967
483,863,Paris: La Cité de la Lumière,276498,1.5670103092783505
484,782,Tokaido,123540,1.5658835094617842
485,757,Unlock!: Timeless Adventures,279613,1.5658028455284554
486,815,Leaving Earth,173064,1.565217391304348
487,104,The White Castle,371942,1.565016740712124
488,181,Terraforming Mars: Ares Expedition,328871,1.564625850340136
489,622,The Fox in the Forest,221965,1.5613627712219262
490,850,CO₂: Second Chance,214887,1.5555555555555556
491,931,Pandemic: Rising Tide,234671,1.5555555555555556
492,990,Last Night on Earth: The Zombie Game,29368,1.5555555555555556
493,462,Azul: Stained Glass of Sintra,256226,1.5540360394823018
494,213,Horrified,282524,1.5535032680482157
495,993,Formula Dé,173,1.5492063492063493
496,761,Sub Terra,204472,1.5486725663716814
497,557,Junk Art,193042,1.547872340425532
498,878,Dice Hospital,218121,1.5475113122171946
499,86,Fields of Arle,159675,1.5466666666666666
500,17,Dune: Imperium – Uprising,397598,1.5446499825840045
501,137,Russian Railroads,144733,1.544476168343238
502,610,Dinosaur Island: Rawr 'n Write,318009,1.5441176470588236
503,426,Unmatched: Robin Hood vs. Bigfoot,274638,1.541958041958042
504,978,Luxor,245643,1.5413223140495869
505,94,Revive,332772,1.5399393326592519
506,21,Brass: Lancashire,28720,1.538888888888889
507,347,The King Is Dead: Second Edition,319966,1.5386371619248331
508,457,Cubitos,298069,1.538090288090288
509,483,Sherlock Holmes Consulting Detective: Jack the Ripper & West End Adventures,204305,1.536607142857143
510,352,Glass Road,143693,1.536266924564797
511,241,The Taverns of Tiefenthal,269207,1.5360281195079086
512,542,Canvas,290236,1.5356319010857196
513,363,Awkward Guests: The Walton Case,188866,1.5344827586206897
514,429,Fall of Rome,260428,1.5333333333333334
515,287,Galaxy Trucker,31481,1.5331143951833608
516,149,Iberia,198928,1.5321357943309164
517,332,Arkham Horror (Third Edition),257499,1.531306715063521
518,272,Roll Player,169426,1.5308641975308641
519,89,Lords of Waterdeep,110327,1.5298602287166454
520,295,Monikers,156546,1.5291666666666666
521,871,Ricochet Robots,51,1.5289915966386554
522,706,Quantum,143519,1.5288461538461537
523,581,Alhambra,6249,1.5272727272727273
524,64,Grand Austria Hotel,182874,1.5271326446423896
525,114,Carnegie,310873,1.5225716430914213
526,901,Unlock!: Epic Adventures,294612,1.5223502304147465
527,212,Castles of Mad King Ludwig,155426,1.5208596713021492
528,819,Defenders of the Realm,65532,1.52
529,99,The Voyages of Marco Polo,171623,1.517751367666478
530,720,Time's Up!,1353,1.5154293381037567
531,92,Beyond the Sun,317985,1.5145772594752187
532,343,The Great Zimbabwe,111341,1.5138888888888888
533,941,Roam,267319,1.5128824476650564
534,69,Clans of Caledonia,216132,1.5112951624268045
535,917,King of New York,160499,1.5107210626185958
536,745,Chronicles of Crime: 1400,300300,1.5098646034816248
537,344,Cat in the Box: Deluxe Edition,345972,1.5093696763202726
538,699,Evolution,155703,1.5056254367575121
539,593,Blackout: Hong Kong,262215,1.5052631578947369
540,631,Vikings,27173,1.5045045045045045
541,533,Fantastic Factories,216600,1.5034246575342465
542,323,Long Shot: The Dice Game,295374,1.5017605633802817
543,146,Arcs,359871,1.5
544,370,Wayfarers of the South Tigris,350316,1.5
545,532,Trekking Through History,353288,1.5
546,693,War of the Ring: The Card Game,362944,1.5
547,687,Scholars of the South Tigris,367041,1.4978632478632479
548,875,Caverna: Cave vs Cave,220520,1.4959259259259259
549,521,Colt Express,158899,1.4943977591036415
550,159,Wyrmspan,410201,1.4934137633112816
551,841,New Frontiers,255692,1.4933333333333334
552,665,Unlock!: Heroic Adventures,266121,1.4928571428571429
553,710,Yellow & Yangtze,244114,1.4915254237288136
554,182,Viscounts of the West Kingdom,296151,1.4913793103448276
555,741,Star Wars: The Clone Wars,370913,1.4910358565737052
556,70,Le Havre,35677,1.4888059701492538
557,217,Azul: Summer Pavilion,287954,1.486910994764398
558,806,Dragon Castle,232219,1.4836065573770492
559,131,Ra,12,1.4827586206896552
560,113,Architects of the West Kingdom,236457,1.4820422026304378
561,614,First Class: All Aboard the Orient Express!,206941,1.4813878676470589
562,8,War of the Ring: Second Edition,115746,1.4804469273743017
563,228,Suburbia,123260,1.4795321637426901
564,909,Inventions: Evolution of Ideas,347305,1.4792682926829268
565,90,Teotihuacan: City of Gods,229853,1.4734042553191489
566,620,Valeria: Card Kingdoms,170561,1.472636815920398
567,803,Smash Up: Awesome Level 9000,134726,1.4721362229102168
568,158,Targi,118048,1.4717852914494824
569,717,The Downfall of Pompeii,13004,1.4705882352941178
570,63,Mansions of Madness: Second Edition,205059,1.4677055512636574
571,428,Newton,244711,1.4661016949152543
572,45,Underwater Cities,247763,1.4653974267249974
573,636,Space Empires 4X,84419,1.4651162790697674
574,357,Bunny Kingdom,184921,1.4643278628065646
575,186,Istanbul,148949,1.4640522875816993
576,713,Formula D,37904,1.4632034632034632
577,416,Blood Bowl: Team Manager – The Card Game,90137,1.4618298368298368
578,242,Paths of Glory,91,1.4615384615384615
579,607,Runebound (Third Edition),181530,1.461067853170189
580,16,Great Western Trail,193738,1.4595937760169955
581,43,Food Chain Magnate,175914,1.4592379264510411
582,22,Nemesis,167355,1.458975968436155
583,986,Ca$h 'n Guns: Second Edition,155362,1.4583333333333333
584,65,Tzolk'in: The Mayan Calendar,126163,1.4570135746606334
585,677,Unmatched: Jurassic Park – InGen vs Raptors,284777,1.4545454545454546
586,711,Betrayal at House on the Hill,10547,1.454436665581244
587,36,Barrage,251247,1.4513513513513514
588,412,Abyss,155987,1.447098976109215
589,831,Between Two Cities,168435,1.446808510638298
590,125,Troyes,73439,1.4462151394422311
591,561,Through the Desert,503,1.4450483091787438
592,663,Weather Machine,237179,1.444981645626287
593,50,Caverna: The Cave Farmers,102794,1.4449438202247191
594,845,New York Zoo,300877,1.4445824643193064
595,606,RoboRally,18,1.4444444444444444
596,109,Battlestar Galactica: The Board Game,37111,1.441579616426242
597,207,Meadow,314491,1.4415784688802216
598,918,Letter Jam,275467,1.4413128887918805
599,766,AuZtralia,231581,1.4411764705882353
600,178,Sherlock Holmes Consulting Detective: The Thames Murders & Other Cases,2511,1.4403065134099617
601,315,Cthulhu Wars,139976,1.439252336448598
602,566,Oceans,232414,1.4375
603,73,Paladins of the West Kingdom,266810,1.4358552631578947
604,472,Ready Set Bet,351040,1.4349900469782626
605,349,Survive: Escape from Atlantis!,2653,1.4330689102564103
606,273,Isle of Skye: From Chieftain to King,176494,1.4330033244437952
607,843,Reef,244228,1.4317180616740088
608,417,Carpe Diem,245934,1.4315245478036176
609,940,XCOM: The Board Game,163602,1.4305019305019306
610,664,Let's Go! To Japan,368173,1.4285714285714286
611,810,Diplomacy,483,1.4285714285714286
612,380,Raiders of Scythia,301880,1.4256756756756757
613,825,K2,73761,1.4248120300751879
614,233,Dead of Winter: A Crossroads Game,150376,1.4238804468631434
615,642,Time's Up! Title Recall!,36553,1.4222222222222223
616,301,Oath,291572,1.4214427860696517
617,827,My Little Scythe,226320,1.4197530864197532
618,495,Woodcraft,355093,1.419325842696629
619,608,Discworld: Ankh-Morpork,91312,1.4180806176496992
620,122,Caylus,18602,1.4166666666666667
621,707,Hammer of the Scots,3685,1.4166666666666667
622,529,Unmatched: Little Red Riding Hood vs. Beowulf,325635,1.4164696611505123
623,729,Beer & Bread,369880,1.4142651837979399
624,155,PARKS,266524,1.4142387193700463
625,361,Bruges,136888,1.4129353233830846
626,394,Letters from Whitechapel,59959,1.4125417130144604
627,765,The Oracle of Delphi,193558,1.4112685560053981
628,371,Thunder Road: Vendetta,342070,1.408806020573399
629,1,Brass: Birmingham,224517,1.4083204930662558
630,824,Empire of the Sun: The Pacific War 1941-1945,11825,1.4058823529411764
631,517,Glen More,66362,1.4051351783714607
632,139,Age of Steam,4098,1.4026875901875901
633,849,Yspahan,22345,1.402127659574468
634,522,Citadels,205398,1.4009661835748792
635,972,Life of the Amazonia,368305,1.4
636,398,Tekhenu: Obelisk of the Sun,297030,1.399029126213592
637,117,Raiders of the North Sea,170042,1.3970806005813978
638,573,Aquatica,283393,1.3969465648854962
639,872,Circadians: First Light,264052,1.396694214876033
640,312,Forgotten Waters,302723,1.3965921633554084
641,858,Finca,40628,1.3955451251646904
642,889,SpaceCorp: 2025-2300AD,214029,1.3953488372093024
643,894,Unfair,179172,1.394704433497537
644,530,Hadara,269144,1.3938636363636363
645,206,The Red Cathedral,227224,1.3937590711175616
646,239,Return to Dark Tower,256680,1.393305439330544
647,797,Trismegistus: The Ultimate Formula,281442,1.3927627282057662
648,678,Cooper Island,269511,1.3916083916083917
649,118,Great Western Trail: New Zealand,380607,1.390469258762689
650,592,Freedom: The Underground Railroad,119506,1.3900966183574879
651,165,Tyrants of the Underdark,189932,1.3895169160702667
652,34,Orléans,164928,1.3888479790541646
653,736,Trains,121408,1.3880597014925373
654,53,On Mars,184267,1.388
655,547,Shadows over Camelot,15062,1.3862068965517242
656,823,Messina 1347,238799,1.3861348383160466
657,424,Hannibal: Rome vs. Carthage,234,1.3858560794044665
658,559,Deus,162082,1.3854821802935011
659,83,Five Tribes: The Djinns of Naqala,157354,1.3849467418546366
660,180,Nucleum,396790,1.3848920863309353
661,157,Rajas of the Ganges,220877,1.3841368584758942
662,147,Clank! In! Space!: A Deck-Building Adventure,233371,1.384133611691023
663,676,The Colonists,192836,1.3837209302325582
664,107,Inis,155821,1.381132075471698
665,425,Expeditions,379078,1.3807890222984562
666,414,Dead Reckoning,276182,1.38
667,291,Viticulture,128621,1.3798076923076923
668,54,Blood Rage,170216,1.3794829929980499
669,85,Eclipse: New Dawn for the Galaxy,72125,1.378787878787879
670,908,Merchants Cove,277700,1.3779527559055118
671,52,Anachrony,185343,1.3777929979363837
672,248,Nations,126042,1.3764405819006234
673,735,Mille Fiori,346501,1.3763766652238734
674,381,Bonfire,304420,1.3760553866936847
675,562,Mansions of Madness,83330,1.3758116883116882
676,465,Evolution: Climate,182134,1.3757716049382716
677,258,La Granja,146886,1.3755458515283843
678,88,The Lord of the Rings: Duel for Middle-earth,421006,1.375
679,199,War of the Ring,9609,1.375
680,605,Wabash Cannonball,31730,1.375
681,102,Darwin's Journey,322289,1.37463178004995
682,587,1846: The Race for the Midwest,17405,1.3726851851851851
683,995,Pictomania,98229,1.3717523493642898
684,939,Stationfall,316624,1.3716216216216217
685,971,Zoo Vadis,368061,1.3707317073170733
686,193,Xia: Legends of a Drift System,82222,1.3705345911949687
687,294,Lewis & Clark: The Expedition,140620,1.369811320754717
688,82,Clank!: Catacombs,365717,1.369047619047619
689,702,Golem,298383,1.3684113430318363
690,66,Power Grid,2651,1.368
691,453,In the Year of the Dragon,31594,1.3674774585867058
692,560,Sheriff of Nottingham,157969,1.367132867132867
693,203,Star Wars: Outer Rim,271896,1.3670886075949367
694,306,Tiletum,351913,1.3667625568149129
695,209,Sekigahara: The Unification of Japan,25021,1.366260162601626
696,288,Anno 1800: The Board Game,311193,1.362840600625365
697,189,Marco Polo II: In the Service of the Khan,283948,1.3601895734597156
698,135,Nemesis: Lockdown,310100,1.3600771456123435
699,489,Stockpile,161614,1.3595580110497238
700,187,Glen More II: Chronicles,265188,1.359504132231405
701,650,Queendomino,232043,1.3592233009708738
702,567,Imhotep,191862,1.358929367201426
703,629,Archipelago,105551,1.358751608751609
704,739,Fort,296912,1.358744394618834
705,136,Trajan,102680,1.3575757575757577
706,851,Khôra: Rise of an Empire,299684,1.3565217391304347
707,167,Alchemists,161970,1.355140186915888
708,471,Firefly: The Game,138161,1.3525398651980929
709,460,Boonlake,343905,1.3515250502551415
710,920,Clinic: Deluxe Edition,272739,1.3460249042145596
711,759,Twilight Inscription,361545,1.3458401305057097
712,852,Ezra and Nehemiah,386368,1.344141069397042
713,333,Apiary,400314,1.3441247002398082
714,575,World Wonders,365258,1.3440860215053763
715,120,Dwellings of Eldervale,271055,1.343839541547278
716,320,Distilled,295895,1.3433383378535453
717,763,The Magnificent,283863,1.3431691765025098
718,774,Ticket to Ride: Rails & Sails,202670,1.3424657534246576
719,211,Great Western Trail: Argentina,364011,1.3399043035424478
720,216,Railways of the World,17133,1.3394495412844036
721,518,Pipeline,256730,1.3383084577114428
722,355,Tikal,54,1.3370786516853932
723,71,The Gallerist,125153,1.336405529953917
724,378,Merchants & Marauders,25292,1.3363914373088686
725,277,Vindication,224783,1.3363636363636364
726,753,Snowdonia,119432,1.336283185840708
727,47,Kanban EV,284378,1.3351078999904935
728,222,A Game of Thrones: The Board Game (Second Edition),103343,1.3333333333333333
729,285,1830: Railways & Robber Barons,421,1.3333333333333333
730,383,Dead of Winter: The Long Night,193037,1.3333333333333333
731,580,QE,266830,1.3333333333333333
732,688,Medici,46,1.3333333333333333
733,787,Dixit: Journey,121288,1.3333333333333333
734,904,Hannibal & Hamilcar,227460,1.3333333333333333
735,973,Evacuation,382843,1.3333333333333333
736,621,Jamaica,28023,1.3326502732240437
737,597,Skymines,359438,1.332020997375328
738,316,Ethnos,206718,1.3318284424379232
739,792,Century: A New World,270970,1.3315018315018314
740,60,Lisboa,161533,1.3298759269232363
741,525,Black Rose Wars,239942,1.3282442748091603
742,345,Acquire,5,1.3277011170562283
743,776,Treasure Island,242639,1.3262575452716296
744,969,Star Trek: Fleet Captains,79127,1.3255813953488371
745,893,Cerebria: The Inside World,218479,1.325
746,364,Heaven & Ale,227789,1.3243243243243243
747,96,Concordia Venus,256916,1.3240740740740742
748,480,Santa Maria,229220,1.323713683743624
749,25,Concordia,124361,1.32079213091922
750,218,Modern Art,118,1.32
751,659,Roads & Boats,875,1.32
752,976,Washington's War,38996,1.32
753,493,Kingsburg,27162,1.3198529411764706
754,254,John Company: Second Edition,332686,1.3191265060240962
755,391,Furnace,318084,1.3186666666666667
756,115,Keyflower,122515,1.318435754189944
757,854,Blue Moon City,21882,1.3181818181818181
758,478,Imperial Struggle,206480,1.318006740491093
759,488,Nippon,154809,1.3166023166023166
760,353,The Witcher: Old World,331106,1.3153149813844685
761,660,Egizia,58421,1.3150048875855327
762,437,Marrakesh,342810,1.3148148148148149
763,667,Tobago,42215,1.3148148148148149
764,9,Star Wars: Rebellion,187645,1.3141891891891893
765,833,Century: Eastern Wonders,242574,1.3135593220338984
766,666,Creature Comforts,304051,1.3132411067193677
767,905,Vast: The Crystal Caverns,170416,1.3130434782608695
768,124,Lorenzo il Magnifico,203993,1.3127572016460904
769,390,Sid Meier's Civilization: The Board Game,77130,1.3118279569892473
770,983,Carcassonne: The City,12902,1.3114224137931034
771,882,Ex Libris,201825,1.3109540636042403
772,253,Cyclades,54998,1.310677394420631
773,520,Quadropolis,176396,1.3101673101673101
774,987,Civolution,400602,1.3095238095238095
775,691,Barcelona,383607,1.3094688221709008
776,142,Hansa Teutonica,43015,1.3090609166961236
777,925,Brazil: Imperial,249277,1.3085106382978724
778,148,Forbidden Stars,175155,1.3082315694255993
779,695,The Battle of Five Armies,135219,1.3076923076923077
780,501,Black Orchestra,156858,1.307249322493225
781,637,StarCraft: The Board Game,22827,1.3066239316239316
782,144,Vinhos: Deluxe Edition,175640,1.3055555555555556
783,234,Ankh: Gods of Egypt,285967,1.3054393305439331
784,150,Yokohama,196340,1.3053435114503817
785,865,The Pursuit of Happiness,181687,1.3043478260869565
786,133,Twilight Imperium: Third Edition,12493,1.3042827958558296
787,432,Notre Dame,25554,1.3027845974932162
788,280,Kanban: Driver's Edition,109276,1.3027522935779816
789,874,Blue Lagoon,244331,1.3013761467889908
790,876,Crown of Emara,256570,1.3011583011583012
791,454,Ticket to Ride: Märklin,21348,1.3
792,705,First Rat,347703,1.3
793,924,Tang Garden,252153,1.2992125984251968
794,816,City of the Big Shoulders,214880,1.2990074441687345
795,420,Lords of Hellas,222509,1.2976190476190477
796,456,London (Second Edition),236191,1.297056277056277
797,933,Among the Stars,110277,1.2964824120603016
798,534,Fire in the Lake,144189,1.2962962962962963
799,584,Kutná Hora: The City of Silver,385610,1.2951467453680932
800,881,Saint Petersburg (Second Edition),156943,1.2940687361419068
801,492,Macao,55670,1.2933333333333332
802,652,Nexus Ops,15363,1.2927700348432056
803,632,Euphoria: Build a Better Dystopia,133848,1.2922201138519924
804,903,Black Angel,230244,1.2921348314606742
805,106,Trickerion: Legends of Illusion,163068,1.2916666666666667
806,668,Triumph & Tragedy: European Balance of Power 1936-1945,130960,1.2894736842105263
807,679,Cuba Libre,111799,1.289450354609929
808,382,Above and Below,172818,1.288421052631579
809,200,Chaos in the Old World,43111,1.2883116883116883
810,590,1775: Rebellion,128996,1.2882800608828007
811,818,Witchstone,318560,1.2873563218390804
812,296,Bitoku,323612,1.2867063238785774
813,445,Honey Buzz,284742,1.286549707602339
814,700,A Game of Thrones,6472,1.2857142857142858
815,726,Disney Villainous: Wicked to the Core,271518,1.2857142857142858
816,91,El Grande,93,1.2853441894892672
817,612,Libertalia,125618,1.2850877192982457
818,336,Dungeon Petz,97207,1.2846153846153847
819,750,Civilization: A New Dawn,233247,1.2827423167848702
820,830,Specter Ops,155624,1.28125
821,957,Reef Encounter,12962,1.28125
822,396,Dungeon Lords,45315,1.280761836097092
823,376,Flamecraft,336986,1.279812834224599
824,767,Torres,88,1.2789228723404256
825,325,The Manhattan Project: Energy Empire,176734,1.2781456953642385
826,372,Runewars,59294,1.2777777777777777
827,507,Libertalia: Winds of Galecrest,356033,1.2776192829544435
828,56,Hegemony: Lead Your Class to Victory,321608,1.2763179803775904
829,257,Dinosaur Island,221194,1.2738640588485235
830,633,Madeira,95527,1.2727272727272727
831,935,1989: Dawn of Freedom,26997,1.2727272727272727
832,235,Clash of Cultures: Monumental Edition,299659,1.2714285714285714
833,387,Antiquity,13122,1.2714285714285714
834,152,Champions of Midgard,172287,1.271375464684015
835,289,Endless Winter: Paleoamericans,305096,1.2708333333333333
836,723,Between Two Castles of Mad King Ludwig,258036,1.2702702702702702
837,844,Detective Club,256788,1.2702459016393441
838,485,Millennium Blades,151347,1.2694468452895418
839,292,1960: The Making of the President,27708,1.2692307692307692
840,788,The Estates,249381,1.2673070816132106
841,998,Beast,281549,1.263949843260188
842,369,Alien Frontiers,48726,1.2624556737588652
843,643,Tales of the Arabian Nights,34119,1.2619047619047619
844,624,Elysium,163968,1.2595419847328244
845,840,Moonrakers,270239,1.2587719298245614
846,19,Eclipse: Second Dawn for the Galaxy,246900,1.2584716218100684
847,651,Crusaders: Thy Will Be Done,170624,1.2580645161290323
848,299,Bora Bora,127060,1.2580357142857141
849,271,The Princes of Florence,555,1.2578817733990149
850,743,Merv: The Heart of the Silk Road,306040,1.2576784101174345
851,477,The Great Wall,292375,1.2573529411764706
852,594,Small World Underground,97786,1.2572373862696442
853,946,Friedrich,12891,1.2564102564102564
854,327,Foundations of Rome,284189,1.2560975609756098
855,300,Steam,27833,1.255813953488372
856,988,Catacombs (Third Edition),195137,1.255813953488372
857,890,Super Motherload,162286,1.2551020408163265
858,625,Last Will,97842,1.2542372881355932
859,506,The Manhattan Project,63628,1.2531720078482669
860,461,Bruxelles 1893,144592,1.2521929824561404
861,231,Village,104006,1.2519280205655527
862,778,Federation,345868,1.250748502994012
863,431,The Pillars of the Earth,24480,1.25
864,764,Disney Villainous: Evil Comes Prepared,284760,1.25
865,802,Fury of Dracula (Second Edition),20963,1.25
866,756,Shakespeare,180511,1.2475271295496015
867,177,Kemet,127023,1.2466356888540222
868,223,Ora et Labora,70149,1.2465753424657535
869,179,Endeavor: Age of Sail,233398,1.2455989993514316
870,198,Dune,283355,1.2450331125827814
871,427,Altiplano,234487,1.2440118833941944
872,328,Imperial,24181,1.2413793103448276
873,469,Spartacus: A Game of Blood and Treachery,128671,1.2409638554216869
874,617,Lacrimosa,348450,1.2402404526166904
875,947,Imperial Steam,338760,1.2400614557326675
876,860,Middle-Earth Quest,31563,1.2383367139959431
877,656,Star Trek: Ascendancy,193949,1.2380952380952381
878,438,Gùgōng,250458,1.237979975794917
879,885,World Without End,43528,1.2376237623762376
880,795,Myrmes,126792,1.2352941176470589
881,282,Pulsar 2849,228341,1.2349397590361446
882,962,Spyrium,137269,1.2336879432624115
883,549,Lords of Vegas,20437,1.233644859813084
884,487,Clash of Cultures,40765,1.2307692307692308
885,583,Escape Plan,142379,1.2304473768908917
886,128,Mombasa,172386,1.22992700729927
887,895,Cry Havoc,192457,1.228287841191067
888,341,Age of Empires III: The Age of Discovery,22545,1.2265395894428153
889,245,Coimbra,245638,1.2261306532663316
890,278,Western Legends,232405,1.2260869565217392
891,630,Atlantis Rising (Second Edition),248490,1.2260869565217392
892,696,Carson City,39938,1.2258064516129032
893,832,The Networks,72321,1.22481684981685
894,821,Steampunk Rally,162007,1.223529411764706
895,719,Photosynthesis,218603,1.223463687150838
896,646,Broom Service,172308,1.2223190242357043
897,615,London,65781,1.2222222222222223
898,772,Cuba,30380,1.2222222222222223
899,790,Shikoku 1889,23540,1.2222222222222223
900,459,IKI,177478,1.2218054034319095
901,638,In the Hall of the Mountain King,265402,1.2215007215007216
902,658,Vinhos,42052,1.221111111111111
903,888,Raccoon Tycoon,254386,1.2204301075268817
904,670,AquaSphere,159508,1.2195121951219512
905,870,878 Vikings: Invasions of England,204516,1.2195121951219512
906,992,Akrotiri,154458,1.2181818181818183
907,760,Feudum,163839,1.2173913043478262
908,548,Amerigo,137408,1.2156862745098038
909,367,Chinatown,47,1.2155847436221268
910,467,Pan Am,303057,1.2153388581015812
911,980,Hyperborea,119788,1.2142857142857142
912,5,Twilight Imperium: Fourth Edition,233078,1.214134893822394
913,932,Outlive,191051,1.213740458015267
914,732,Brian Boru: High King of Ireland,337765,1.2136067354698534
915,899,"Heroes of Land, Air & Sea",198830,1.2132034632034632
916,694,Thebes,30869,1.2130461165048543
917,330,Navegador,66589,1.2127766599597585
918,897,Gentes,217780,1.2125984251968505
919,486,Fresco,66188,1.2097001763668431
920,388,Mission: Red Planet (Second/Third Edition),176920,1.2096774193548387
921,354,Fury of Dracula (Third/Fourth Edition),181279,1.2090395480225988
922,408,Maria,40354,1.2083333333333333
923,283,Goa: A New Expedition,9216,1.2072621401889694
924,430,Smartphone Inc.,246684,1.2061001317523057
925,877,Disney Villainous: Perfectly Wretched,299047,1.2058823529411764
926,930,Battle for Rokugan,234477,1.205128205128205
927,95,Dominant Species,62219,1.2
928,145,Wonderland's War,227935,1.2
929,498,Dune,121,1.2
930,619,Airlines Europe,90419,1.2
931,786,Luna,70512,1.2
932,861,Wallenstein,3307,1.2
933,936,Lords of Xidit,156566,1.198581560283688
934,672,My Father's Work,328866,1.1984334203655354
935,434,The Godfather: Corleone's Empire,195539,1.1961722488038278
936,141,Rising Sun,205896,1.194831013916501
937,868,Shipyard,55600,1.1944444444444444
938,955,Rurik: Dawn of Kiev,228328,1.1923076923076923
939,722,Mare Nostrum: Empires,174785,1.1917808219178083
940,754,Churchill,132018,1.1852487135506005
941,948,Tribune: Primus Inter Pares,30957,1.1851851851851851
942,340,Power Grid Deluxe: Europe/North America,155873,1.1825757575757576
943,942,Dinosaur World,317457,1.1818649885583523
944,326,Indonesia,19777,1.1818181818181819
945,837,Vegas Showdown,15364,1.1818181818181819
946,984,Nightmare Productions,904,1.1818181818181819
947,887,A War of Whispers,253499,1.179245283018868
948,311,Rococo,144344,1.1782178217821782
949,817,Prêt-à-Porter,87890,1.1762634631317317
950,826,Coal Baron,143515,1.1762422360248448
951,286,Shogun,20551,1.173913043478261
952,452,Endeavor,33160,1.173913043478261
953,303,Kemet: Blood and Sand,297562,1.1733870967741935
954,512,Lancaster,96913,1.1728395061728396
955,979,Caylus 1303,284818,1.1714635639926516
956,912,Abomination: The Heir of Frankenstein,239472,1.170731707317073
957,577,Argent: The Consortium,144797,1.1702127659574468
958,744,Dominant Species: Marine,262941,1.1692688004163414
959,470,Here I Stand,17392,1.1666666666666667
960,579,Bus,552,1.1666666666666667
961,829,ZhanGuo,160495,1.1666666666666667
962,898,Santiago,8125,1.1666666666666667
963,952,Vasco da Gama,41002,1.1666666666666667
964,965,Yedo,117915,1.1666666666666667
965,994,Union Pacific,94,1.1666666666666667
966,822,Crystal Palace,280480,1.164835164835165
967,906,Panamax,131287,1.1612903225806452
968,799,Arkwright,154825,1.16
969,770,Belfort,50750,1.1594202898550725
970,777,Whistle Mountain,301255,1.1564625850340136
971,718,Mosaic: A Story of Civilization,329551,1.1557971014492754
972,544,Amun-Re,5404,1.1545929798356982
973,359,Imperial 2030,54138,1.1495280675608543
974,780,Yamataï,213893,1.1494252873563218
975,468,Civilization,71,1.1428571428571428
976,543,Endeavor: Deep Sea,367966,1.1428571428571428
977,752,The Republic of Rome,1513,1.1428571428571428
978,977,Container,26990,1.1428571428571428
979,653,Colosseum,27746,1.1408450704225352
980,954,Scoville,145659,1.1403556771545826
981,392,Sidereal Confluence,202426,1.1343283582089552
982,640,Unconscious Mind,329500,1.1339285714285714
983,991,San Marco,1041,1.132456140350877
984,684,Automobile,39351,1.1320836965998256
985,635,Taj Mahal,475,1.1313632441760137
986,839,Dogs of War,158435,1.129733520336606
987,773,Mexica,2955,1.1290322580645162
988,601,Unfathomable,340466,1.1252705627705628
989,690,Francis Drake,140603,1.1204994192799071
990,683,Struggle of Empires,9625,1.1111111111111112
991,902,Tammany Hall,30645,1.1041666666666667
992,842,La Granja: Deluxe Master Set,341945,1.1
993,884,Empires: Age of Discovery,173442,1.096774193548387
994,450,Die Macher,1,1.0588235294117647
995,374,Exit: The Game – The Abandoned Cabin,203420,1.02
996,891,Exit: The Game – The Secret Lab,203417,1.0155272026961963
997,556,Exit: The Game – Dead Man on the Orient Express,226522,1.0140845070422535
998,798,Exit: The Game – The Pharaoh's Tomb,203416,1.0087719298245614
999,475,Andromeda's Edge,358661,1.0
1000,576,Dune: War for Arrakis,367150,1.0
